{"SPS": 491, "global_step": 65568, "learning_rate": 0.00025, "losses/policy_loss": -0.0014954954385757446, "losses/value_loss": 0.0011417109575025581, "losses/entropy": 2.0782905320326486, "losses/old_approx_kl": 0.0005387692787432267, "losses/approx_kl": 0.0007255788259499241, "losses/clipfrac": 0.011820475260416666, "losses/explained_variance": 0.026368021965026855, "performance/total_uptime": 158, "performance/total_updates": 2, "performance/total_agent_steps": 65568, "performance/epoch_time": 68.54188011638325, "performance/epoch_sps": 478, "performance/evaluation_time": 0, "performance/evaluation_sps": 0, "performance/evaluation_memory": 0, "performance/evaluation_pytorch_memory": 0, "performance/env_time": 59.76453982995736, "performance/env_sps": 548, "performance/inference_time": 6.421035243027291, "performance/inference_sps": 5105, "performance/train_time": 1.8128180503845215, "performance/train_sps": 18075, "performance/train_memory": 7865503744, "performance/train_pytorch_memory": 191112192, "performance/misc_time": 0.5360733910383715, "performance/eval_time": 66.72906206599873, "performance/eval_sps": 491, "performance/eval_memory": 7865335808, "performance/eval_pytorch_memory": 48200704, "stats/mask": 1.0, "stats/env_id": 23.5, "_timestamp": 1714752976.203537, "_runtime": 159.73978996276855, "_step": 1, "_wandb": {"runtime": 170}}