{"SPS": 8460, "global_step": 1147440, "learning_rate": 0.0002472959685349066, "losses/policy_loss": -0.0014511183156476666, "losses/value_loss": 0.08399115374777466, "losses/entropy": 1.9488328844308853, "losses/old_approx_kl": 0.001473958294809563, "losses/approx_kl": 0.0016617024169439294, "losses/clipfrac": 0.082244873046875, "losses/explained_variance": 0.7553820759057999, "performance/total_uptime": 352, "performance/total_updates": 35, "performance/total_agent_steps": 1147440, "performance/epoch_time": 5.682974948192168, "performance/epoch_sps": 5765, "performance/evaluation_time": 0, "performance/evaluation_sps": 0, "performance/evaluation_memory": 0, "performance/evaluation_pytorch_memory": 0, "performance/env_time": 1.5617465789855487, "performance/env_sps": 20991, "performance/inference_time": 1.8395094259949474, "performance/inference_sps": 17822, "performance/train_time": 1.808098316192627, "performance/train_sps": 18122, "performance/train_memory": 6476144640, "performance/train_pytorch_memory": 191112192, "performance/misc_time": 0.4672015280066262, "performance/eval_time": 3.874876631999541, "performance/eval_sps": 8460, "performance/eval_memory": 6474498048, "performance/eval_pytorch_memory": 48200704, "stats/mask": 1.0, "stats/env_id": 63.563445583211326, "_timestamp": 1714711474.2360537, "_runtime": 354.12719678878784, "_step": 34, "_wandb": {"runtime": 355}}