{"SPS": 6932, "global_step": 131136, "learning_rate": 0.00024983611930514587, "losses/policy_loss": -0.0025348067089604833, "losses/value_loss": 0.0008907094997994136, "losses/entropy": 2.059099167585373, "losses/old_approx_kl": 0.0018020278378874839, "losses/approx_kl": 0.001911464274598984, "losses/clipfrac": 0.056864420572916664, "losses/explained_variance": 0.040700554847717285, "performance/total_uptime": 45, "performance/total_updates": 4, "performance/total_agent_steps": 131136, "performance/epoch_time": 6.491434052603836, "performance/epoch_sps": 5047, "performance/evaluation_time": 0, "performance/evaluation_sps": 0, "performance/evaluation_memory": 0, "performance/evaluation_pytorch_memory": 0, "performance/env_time": 2.412549621000835, "performance/env_sps": 13588, "performance/inference_time": 1.8531858809965343, "performance/inference_sps": 17690, "performance/train_time": 1.762157678604126, "performance/train_sps": 18595, "performance/train_memory": 6379163648, "performance/train_pytorch_memory": 192160768, "performance/misc_time": 0.4568351860079929, "performance/eval_time": 4.72927637399971, "performance/eval_sps": 6932, "performance/eval_memory": 6379163648, "performance/eval_pytorch_memory": 48200704, "stats/mask": 1.0, "stats/env_id": 63.5971205466081, "_timestamp": 1714711688.1894927, "_runtime": 46.38915777206421, "_step": 3, "_wandb": {"runtime": 46}}