{"SPS": 576, "global_step": 950736, "learning_rate": 0.000247787610619469, "losses/policy_loss": -0.002427207325429966, "losses/value_loss": 0.0017699605523375794, "losses/entropy": 1.994349293410778, "losses/old_approx_kl": 0.001984449335092601, "losses/approx_kl": 0.001972062706045108, "losses/clipfrac": 0.10207112630208333, "losses/explained_variance": 0.41203415393829346, "performance/total_uptime": 1828, "performance/total_updates": 29, "performance/total_agent_steps": 950736, "performance/epoch_time": 58.76967414126193, "performance/epoch_sps": 557, "performance/evaluation_time": 0, "performance/evaluation_sps": 0, "performance/evaluation_memory": 0, "performance/evaluation_pytorch_memory": 0, "performance/env_time": 50.06821475398283, "performance/env_sps": 654, "performance/inference_time": 6.229129390003436, "performance/inference_sps": 5263, "performance/train_time": 1.9500305652618408, "performance/train_sps": 16803, "performance/train_memory": 8118304768, "performance/train_pytorch_memory": 192160768, "performance/misc_time": 0.5126954099523573, "performance/eval_time": 56.81964357600009, "performance/eval_sps": 576, "performance/eval_memory": 8118239232, "performance/eval_pytorch_memory": 48200704, "stats/mask": 1.0, "stats/env_id": 23.5, "_timestamp": 1714744503.6194348, "_runtime": 1829.9159097671509, "_step": 28, "_wandb": {"runtime": 1886}}